0.00154;-0.0002
0.00372;-0.0004
0.00594;-0.0006
0.00808;-0.0008
0.01022;-0.001
0.01236;-0.0012
0.01445;-0.0014
0.01655;-0.0016
0.01865;-0.0018
0.02071;-0.002
0.02277;-0.0022
0.02475;-0.0024
0.02673;-0.0026
0.02867;-0.0028
0.03061;-0.003
0.03251;-0.0032
0.03445;-0.0034
0.03631;-0.0036
0.03821;-0.0038
0.04008;-0.004
0.0419;-0.0042
0.04368;-0.0044
0.0455;-0.0046
0.04728;-0.0048
0.04907;-0.005
0.05085;-0.0052
0.05263;-0.0054
0.05441;-0.0056
0.05615;-0.0058
0.05786;-0.006
0.05956;-0.0062
0.06122;-0.0064
0.06289;-0.0066
0.06451;-0.0068
0.06617;-0.007
0.0678;-0.0072
0.06942;-0.0074
0.071;-0.0076
0.07263;-0.0078
0.07421;-0.008
0.07576;-0.0082
0.07734;-0.0084
0.07888;-0.0086
0.08043;-0.0088
0.08193;-0.009
0.08348;-0.0092
0.08502;-0.0094
0.08653;-0.0096
0.08799;-0.0098
0.0895;-0.01
0.09096;-0.0102
0.09243;-0.0104
0.09389;-0.0106
0.09532;-0.0108
0.09678;-0.011
0.09821;-0.0112
0.09968;-0.0114
0.1011;-0.0116
0.10257;-0.0118
0.10399;-0.012
0.10542;-0.0122
0.10684;-0.0124
0.10827;-0.0126
0.10965;-0.0128
0.11108;-0.013
0.11247;-0.0132
0.11385;-0.0134
0.11524;-0.0136
0.11662;-0.0138
0.11801;-0.014
0.1194;-0.0142
0.12078;-0.0144
0.12213;-0.0146
0.12348;-0.0148
0.12486;-0.015
0.12621;-0.0152
0.12755;-0.0154
0.12886;-0.0156
0.13021;-0.0158
0.13151;-0.016
0.13286;-0.0162
0.13417;-0.0164
0.13547;-0.0166
0.13678;-0.0168
0.13809;-0.017
0.13936;-0.0172
0.14066;-0.0174
0.14193;-0.0176
0.1432;-0.0178
0.14446;-0.018
0.14573;-0.0182
0.147;-0.0184
0.14823;-0.0186
0.14949;-0.0188
0.15072;-0.019
0.15199;-0.0192
0.15322;-0.0194
0.15444;-0.0196
0.15567;-0.0198
0.15686;-0.02
0.15813;-0.0202
0.15931;-0.0204
0.16054;-0.0206
0.16177;-0.0208
0.163;-0.021
0.16419;-0.0212
0.16533;-0.0214
0.16652;-0.0216
0.16767;-0.0218
0.16882;-0.022
0.16993;-0.0222
0.17108;-0.0224
0.17222;-0.0226
0.17333;-0.0228
0.17448;-0.023
0.17563;-0.0232
0.17678;-0.0234
0.17793;-0.0236
0.17907;-0.0238
0.18026;-0.024
0.18141;-0.0242
0.1826;-0.0244
0.18375;-0.0246
0.1849;-0.0248
0.18604;-0.025
0.18723;-0.0252
0.18838;-0.0254
0.18949;-0.0256
0.19064;-0.0258
0.19175;-0.026
0.19282;-0.0262
0.19393;-0.0264
0.19499;-0.0266
0.19606;-0.0268
0.19713;-0.027
0.19824;-0.0272
0.19931;-0.0274
0.20038;-0.0276
0.20145;-0.0278
0.20256;-0.028
0.20363;-0.0282
0.2047;-0.0284
0.20577;-0.0286
0.20684;-0.0288
0.2079;-0.029
0.20897;-0.0292
0.21004;-0.0294
0.21111;-0.0296
0.21218;-0.0298
0.21321;-0.03
0.21428;-0.0302
0.21531;-0.0304
0.21638;-0.0306
0.21741;-0.0308
0.21844;-0.031
0.21947;-0.0312
0.22054;-0.0314
0.22157;-0.0316
0.2226;-0.0318
0.22363;-0.032
0.22466;-0.0322
0.22569;-0.0324
0.22668;-0.0326
0.2277;-0.0328
0.22869;-0.033
0.22968;-0.0332
0.23071;-0.0334
0.2317;-0.0336
0.23269;-0.0338
0.23368;-0.034
0.23467;-0.0342
0.23566;-0.0344
0.23661;-0.0346
0.2376;-0.0348
0.23859;-0.035
0.23958;-0.0352
0.24058;-0.0354
0.24153;-0.0356
0.24252;-0.0358
0.24351;-0.036
0.2445;-0.0362
0.24549;-0.0364
0.24648;-0.0366
0.24747;-0.0368
0.24842;-0.037
0.24941;-0.0372
0.25036;-0.0374
0.25135;-0.0376
0.2523;-0.0378
0.25329;-0.038
0.25424;-0.0382
0.25519;-0.0384
0.25618;-0.0386
0.25713;-0.0388
0.25808;-0.039
0.25903;-0.0392
0.25998;-0.0394
0.26093;-0.0396
0.26184;-0.0398
0.26279;-0.04
0.26374;-0.0402
0.26469;-0.0404
0.26564;-0.0406
0.26659;-0.0408
0.26754;-0.041
0.26845;-0.0412
0.2694;-0.0414
0.27035;-0.0416
0.27131;-0.0418
0.27222;-0.042
0.27317;-0.0422
0.27412;-0.0424
0.27507;-0.0426
0.27598;-0.0428
0.27689;-0.043
0.27784;-0.0432
0.27871;-0.0434
0.27962;-0.0436
0.28053;-0.0438
0.2814;-0.044
0.28231;-0.0442
0.28323;-0.0444
0.2841;-0.0446
0.28501;-0.0448
0.28592;-0.045
0.28683;-0.0452
0.28774;-0.0454
0.28865;-0.0456
0.28956;-0.0458
0.29047;-0.046
0.29134;-0.0462
0.29225;-0.0464
0.29313;-0.0466
0.294;-0.0468
0.29491;-0.047
0.29578;-0.0472
0.29665;-0.0474
0.29752;-0.0476
0.29839;-0.0478
0.2993;-0.048
0.30017;-0.0482
0.30105;-0.0484
0.30192;-0.0486
0.30275;-0.0488
0.30362;-0.049
0.30449;-0.0492
0.30536;-0.0494
0.30619;-0.0496
0.30706;-0.0498
0.30794;-0.05
0.30881;-0.0502
0.30968;-0.0504
0.31051;-0.0506
0.31138;-0.0508
0.31225;-0.051
0.31308;-0.0512
0.31392;-0.0514
0.31475;-0.0516
0.31558;-0.0518
0.31641;-0.052
0.31724;-0.0522
0.31803;-0.0524
0.31887;-0.0526
0.3197;-0.0528
0.32053;-0.053
0.32132;-0.0532
0.32215;-0.0534
0.32294;-0.0536
0.32374;-0.0538
0.32457;-0.054
0.32536;-0.0542
0.32615;-0.0544
0.32698;-0.0546
0.32778;-0.0548
0.32861;-0.055
0.3294;-0.0552
0.33023;-0.0554
0.33106;-0.0556
0.33185;-0.0558
0.33269;-0.056
0.33352;-0.0562
0.33435;-0.0564
0.33518;-0.0566
0.33601;-0.0568
0.33681;-0.057
0.3376;-0.0572
0.33839;-0.0574
0.33918;-0.0576
0.33997;-0.0578
0.34073;-0.058
0.34152;-0.0582
0.34231;-0.0584
0.34306;-0.0586
0.34385;-0.0588
0.34465;-0.059
0.34544;-0.0592
0.34619;-0.0594
0.34698;-0.0596
0.34777;-0.0598
0.34857;-0.06
0.34936;-0.0602
0.35015;-0.0604
0.3509;-0.0606
0.35169;-0.0608
0.35249;-0.061
0.35324;-0.0612
0.35403;-0.0614
0.35482;-0.0616
0.35558;-0.0618
0.35637;-0.062
0.35712;-0.0622
0.35791;-0.0624
0.3587;-0.0626
0.3595;-0.0628
0.36029;-0.063
0.36104;-0.0632
0.36183;-0.0634
0.36262;-0.0636
0.36342;-0.0638
0.36421;-0.064
0.365;-0.0642
0.36575;-0.0644
0.36655;-0.0646
0.36734;-0.0648
0.36809;-0.065
0.36888;-0.0652
0.36967;-0.0654
0.37043;-0.0656
0.37118;-0.0658
0.37197;-0.066
0.37272;-0.0662
0.37348;-0.0664
0.37427;-0.0666
0.37502;-0.0668
0.37581;-0.067
0.37656;-0.0672
0.37736;-0.0674
0.37815;-0.0676
0.37894;-0.0678
0.37969;-0.068
0.38048;-0.0682
0.38124;-0.0684
0.38203;-0.0686
0.38278;-0.0688
0.38353;-0.069
0.38429;-0.0692
0.38504;-0.0694
0.38579;-0.0696
0.38654;-0.0698
0.3873;-0.07
0.38801;-0.0702
0.38876;-0.0704
0.38947;-0.0706
0.39023;-0.0708
0.39094;-0.071
0.39169;-0.0712
0.3924;-0.0714
0.39316;-0.0716
0.39391;-0.0718
0.39462;-0.072
0.39537;-0.0722
0.39609;-0.0724
0.39684;-0.0726
0.39759;-0.0728
0.39831;-0.073
0.39902;-0.0732
0.39977;-0.0734
0.40048;-0.0736
0.4012;-0.0738
0.40195;-0.074
0.40266;-0.0742
0.40337;-0.0744
0.40409;-0.0746
0.4048;-0.0748
0.40551;-0.075
0.40623;-0.0752
0.40694;-0.0754
0.40765;-0.0756
0.40836;-0.0758
0.40908;-0.076
0.40979;-0.0762
0.4105;-0.0764
0.41121;-0.0766
0.41193;-0.0768
0.41264;-0.077
0.41331;-0.0772
0.41403;-0.0774
0.41474;-0.0776
0.41545;-0.0778
0.41613;-0.078
0.41684;-0.0782
0.41755;-0.0784
0.41822;-0.0786
0.41894;-0.0788
0.41961;-0.079
0.42032;-0.0792
0.421;-0.0794
0.42171;-0.0796
0.42242;-0.0798
0.4231;-0.08
0.42381;-0.0802
0.42448;-0.0804
0.42519;-0.0806
0.42587;-0.0808
0.42658;-0.081
0.42725;-0.0812
0.42793;-0.0814
0.42864;-0.0816
0.42931;-0.0818
0.42999;-0.082
0.43066;-0.0822
0.43133;-0.0824
0.43201;-0.0826
0.43268;-0.0828
0.43331;-0.083
0.43399;-0.0832
0.43466;-0.0834
0.43533;-0.0836
0.43601;-0.0838
0.43668;-0.084
0.43735;-0.0842
0.43802;-0.0844
0.4387;-0.0846
0.43937;-0.0848
0.44004;-0.085
0.44072;-0.0852
0.44139;-0.0854
0.4421;-0.0856
0.44278;-0.0858
0.44345;-0.086
0.44412;-0.0862
0.4448;-0.0864
0.44547;-0.0866
0.4461;-0.0868
0.44678;-0.087
0.44745;-0.0872
0.44812;-0.0874
0.44876;-0.0876
0.44943;-0.0878
0.45006;-0.088
0.45074;-0.0882
0.45137;-0.0884
0.45204;-0.0886
0.45268;-0.0888
0.45335;-0.089
0.45398;-0.0892
0.45466;-0.0894
0.45529;-0.0896
0.45592;-0.0898
0.4566;-0.09
0.45723;-0.0902
0.4579;-0.0904
0.45854;-0.0906
0.45917;-0.0908
0.45984;-0.091
0.46048;-0.0912
0.46111;-0.0914
0.46175;-0.0916
0.46238;-0.0918
0.46305;-0.092
0.46369;-0.0922
0.46432;-0.0924
0.46495;-0.0926
0.46559;-0.0928
0.46622;-0.093
0.46685;-0.0932
0.46749;-0.0934
0.46812;-0.0936
0.46879;-0.0938
0.46943;-0.094
0.47006;-0.0942
0.4707;-0.0944
0.47133;-0.0946
0.47196;-0.0948
0.4726;-0.095
0.47323;-0.0952
0.47386;-0.0954
0.4745;-0.0956
0.47513;-0.0958
0.47576;-0.096
0.4764;-0.0962
0.47703;-0.0964
0.47767;-0.0966
0.47826;-0.0968
0.47889;-0.097
0.47953;-0.0972
0.48016;-0.0974
0.48075;-0.0976
0.48139;-0.0978
0.48202;-0.098
0.48265;-0.0982
0.48325;-0.0984
0.48388;-0.0986
0.48452;-0.0988
0.48511;-0.099
0.48574;-0.0992
0.48638;-0.0994
0.48701;-0.0996
0.4876;-0.0998
0.48824;-0.1
0.48883;-0.1002
0.48947;-0.1004
0.49006;-0.1006
0.49069;-0.1008
0.49129;-0.101
0.49188;-0.1012
0.49252;-0.1014
0.49311;-0.1016
0.4937;-0.1018
0.4943;-0.102
0.49493;-0.1022
0.49553;-0.1024
0.49612;-0.1026
0.49675;-0.1028
0.49735;-0.103
0.49794;-0.1032
0.49857;-0.1034
0.49917;-0.1036
0.4998;-0.1038
0.5004;-0.104
0.50099;-0.1042
0.50162;-0.1044
0.50222;-0.1046
0.50285;-0.1048
0.50345;-0.105
0.50404;-0.1052
0.50463;-0.1054
0.50527;-0.1056
0.50586;-0.1058
0.50645;-0.106
0.50705;-0.1062
0.50764;-0.1064
0.50824;-0.1066
0.50883;-0.1068
0.50939;-0.107
0.50998;-0.1072
0.51057;-0.1074
0.51117;-0.1076
0.51176;-0.1078
0.51236;-0.108
0.51291;-0.1082
0.5135;-0.1084
0.5141;-0.1086
0.51469;-0.1088
0.51529;-0.109
0.51588;-0.1092
0.51647;-0.1094
0.51707;-0.1096
0.51766;-0.1098
0.51826;-0.11
0.51885;-0.1102
0.51944;-0.1104
0.52004;-0.1106
0.52063;-0.1108
0.52123;-0.111
0.52182;-0.1112
0.52241;-0.1114
0.52301;-0.1116
0.5236;-0.1118
0.5242;-0.112
0.52479;-0.1122
0.52538;-0.1124
0.52598;-0.1126
0.52657;-0.1128
0.52713;-0.113
0.52772;-0.1132
0.52831;-0.1134
0.52887;-0.1136
0.52946;-0.1138
0.53002;-0.114
0.53061;-0.1142
0.53117;-0.1144
0.53176;-0.1146
0.53231;-0.1148
0.53291;-0.115
0.53346;-0.1152
0.53406;-0.1154
0.53461;-0.1156
0.53521;-0.1158
0.53576;-0.116
0.53635;-0.1162
0.53691;-0.1164
0.5375;-0.1166
0.53806;-0.1168
0.53865;-0.117
0.5392;-0.1172
0.5398;-0.1174
0.54035;-0.1176
0.54091;-0.1178
0.5415;-0.118
0.54206;-0.1182
0.54261;-0.1184
0.54316;-0.1186
0.54372;-0.1188
0.54427;-0.119
0.54483;-0.1192
0.54538;-0.1194
0.54594;-0.1196
0.54649;-0.1198
0.54705;-0.12
0.5476;-0.1202
0.54815;-0.1204
0.54871;-0.1206
0.54926;-0.1208
0.54986;-0.121
0.55041;-0.1212
0.55097;-0.1214
0.55152;-0.1216
0.55208;-0.1219
0.55263;-0.1221
0.55318;-0.1223
0.55378;-0.1225
0.55433;-0.1227
0.55489;-0.1229
0.55544;-0.1231
0.556;-0.1233
0.55655;-0.1235
0.5571;-0.1237
0.55766;-0.1239
0.55821;-0.1241
0.55873;-0.1243
0.55928;-0.1245
0.55984;-0.1247
0.56039;-0.1249
0.56091;-0.1251
0.56146;-0.1253
0.56198;-0.1255
0.56253;-0.1257
0.56308;-0.1259
0.5636;-0.1261
0.56415;-0.1263
0.56467;-0.1265
0.56522;-0.1267
0.56574;-0.1269
0.56629;-0.1271
0.56681;-0.1273
0.56732;-0.1275
0.56788;-0.1277
0.56839;-0.1279
0.56895;-0.1281
0.56946;-0.1283
0.57001;-0.1285
0.57053;-0.1287
0.57108;-0.1289
0.57164;-0.1291
0.57219;-0.1293
0.57275;-0.1295
0.5733;-0.1297
0.57386;-0.1299
0.57441;-0.1301
0.57492;-0.1303
0.57548;-0.1305
0.57603;-0.1307
0.57659;-0.1309
0.5771;-0.1311
0.57766;-0.1313
0.57817;-0.1315
0.57873;-0.1317
0.57924;-0.1319
0.57976;-0.1321
0.58031;-0.1323
0.58083;-0.1325
0.58134;-0.1327
0.58185;-0.1329
0.58241;-0.1331
0.58292;-0.1333
0.58344;-0.1335
0.58399;-0.1337
0.58451;-0.1339
0.58506;-0.1341
0.58558;-0.1343
0.58613;-0.1345
0.58665;-0.1347
0.5872;-0.1349
0.58772;-0.1351
0.58823;-0.1353
0.58879;-0.1355
0.5893;-0.1357
0.58981;-0.1359
0.59037;-0.1361
0.59088;-0.1363
0.59144;-0.1365
0.59195;-0.1367
0.59247;-0.1369
0.59298;-0.1371
0.5935;-0.1373
0.59405;-0.1375
0.59457;-0.1377
0.59508;-0.1379
0.5956;-0.1381
0.59611;-0.1383
0.59667;-0.1385
0.59718;-0.1387
0.5977;-0.1389
0.59825;-0.1391
0.59876;-0.1393
0.59928;-0.1395
0.59979;-0.1397
0.60035;-0.1399
0.60086;-0.1401
0.60138;-0.1403
0.60189;-0.1405
0.60241;-0.1407
0.60292;-0.1409
0.6034;-0.1411
0.60391;-0.1413
0.60443;-0.1415
0.60494;-0.1417
0.60546;-0.1419
0.60593;-0.1421
0.60645;-0.1423
0.60696;-0.1425
0.60748;-0.1427
0.60799;-0.1429
0.60851;-0.1431
0.60898;-0.1433
0.6095;-0.1435
0.61001;-0.1437
0.61053;-0.1439
0.61104;-0.1441
0.61156;-0.1443
0.61207;-0.1445
0.61259;-0.1447
0.6131;-0.1449
0.61361;-0.1451
0.61413;-0.1453
0.61464;-0.1455
0.61516;-0.1457
0.61563;-0.1459
0.61615;-0.1461
0.61666;-0.1463
0.61718;-0.1465
0.61769;-0.1467
0.61817;-0.1469
0.61868;-0.1471
0.61916;-0.1473
0.61967;-0.1475
0.62019;-0.1477
0.62066;-0.1479
0.62118;-0.1481
0.62165;-0.1483
0.62217;-0.1485
0.62264;-0.1487
0.62316;-0.1489
0.62363;-0.1491
0.62415;-0.1493
0.62466;-0.1495
0.62514;-0.1497
0.62565;-0.1499
0.62613;-0.1501
0.62664;-0.1503
0.62712;-0.1505
0.62763;-0.1507
0.62811;-0.1509
0.62862;-0.1511
0.6291;-0.1513
0.62961;-0.1515
0.63013;-0.1517
0.6306;-0.1519
0.63112;-0.1521
0.63159;-0.1523
0.63211;-0.1525
0.63262;-0.1527
0.6331;-0.1529
0.63361;-0.1531
0.63409;-0.1533
0.6346;-0.1535
0.63508;-0.1537
0.63559;-0.1539
0.63607;-0.1541
0.63654;-0.1543
0.63706;-0.1545
0.63753;-0.1547
0.63801;-0.1549
0.63848;-0.1551
0.63896;-0.1553
0.63947;-0.1555
0.63995;-0.1557
0.64042;-0.1559
0.6409;-0.1561
0.64141;-0.1563
0.64189;-0.1565
0.64236;-0.1567
0.64284;-0.1569
0.64335;-0.1571
0.64383;-0.1573
0.64435;-0.1575
0.64482;-0.1577
0.6453;-0.1579
0.64581;-0.1581
0.64629;-0.1583
0.6468;-0.1585
0.64728;-0.1587
0.64775;-0.1589
0.64827;-0.1591
0.64874;-0.1593
0.64922;-0.1595
0.64969;-0.1597
0.65017;-0.1599
0.65068;-0.1601
0.65116;-0.1603
0.65163;-0.1605
0.65211;-0.1607
0.65258;-0.1609
0.65306;-0.1611
0.65353;-0.1613
0.65401;-0.1615
0.65448;-0.1617
0.65496;-0.1619
0.65543;-0.1621
0.65591;-0.1623
0.65638;-0.1625
0.65686;-0.1627
0.65733;-0.1629
0.65785;-0.1631
0.65832;-0.1633
0.6588;-0.1635
0.65927;-0.1637
0.65975;-0.1639
0.66022;-0.1641
0.66074;-0.1643
0.66121;-0.1645
0.66169;-0.1647
0.66217;-0.1649
0.66264;-0.1651
0.66312;-0.1653
0.66359;-0.1655
0.66407;-0.1657
0.6645;-0.1659
0.66498;-0.1661
0.66545;-0.1663
0.66593;-0.1665
0.6664;-0.1667
0.66684;-0.1669
0.66731;-0.1671
0.66779;-0.1673
0.66826;-0.1675
0.66874;-0.1677
0.66917;-0.1679
0.66965;-0.1681
0.67013;-0.1683
0.6706;-0.1685
0.67108;-0.1687
0.67155;-0.1689
0.67203;-0.1691
0.6725;-0.1693
0.67294;-0.1695
0.67341;-0.1697
0.67389;-0.1699
0.67436;-0.1701
0.67484;-0.1703
0.67531;-0.1705
0.67579;-0.1707
0.67622;-0.1709
0.6767;-0.1711
0.67717;-0.1713
0.67765;-0.1715
0.67808;-0.1717
0.67856;-0.1719
0.67904;-0.1721
0.67947;-0.1723
0.67995;-0.1725
0.68042;-0.1727
0.68086;-0.1729
0.68133;-0.1731
0.68181;-0.1733
0.68224;-0.1735
0.68272;-0.1737
0.68319;-0.1739
0.68363;-0.1741
0.6841;-0.1743
0.68458;-0.1745
0.68505;-0.1747
0.68549;-0.1749
0.68597;-0.1751
0.68644;-0.1753
0.68692;-0.1755
0.68735;-0.1757
0.68783;-0.1759
0.6883;-0.1761
0.68878;-0.1763
0.68921;-0.1765
0.68969;-0.1767
0.69012;-0.1769
0.6906;-0.1771
0.69103;-0.1773
0.69151;-0.1775
0.69195;-0.1777
0.69242;-0.1779
0.69286;-0.1781
0.69329;-0.1783
0.69377;-0.1785
0.6942;-0.1787
0.69468;-0.1789
0.69511;-0.1791
0.69555;-0.1793
0.69602;-0.1795
0.69646;-0.1797
0.69693;-0.1799
0.69737;-0.1801
0.69785;-0.1803
0.69828;-0.1805
0.69876;-0.1807
0.69919;-0.1809
0.69967;-0.1811
0.7001;-0.1813
0.70058;-0.1815
0.70101;-0.1817
0.70149;-0.1819
0.70192;-0.1821
0.7024;-0.1823
0.70284;-0.1825
0.70327;-0.1827
0.70375;-0.1829
0.70422;-0.1831
0.7047;-0.1833
0.70521;-0.1835
0.70569;-0.1837
0.70612;-0.1839
0.70656;-0.1841
0.70707;-0.1843
0.70763;-0.1845
0.70802;-0.1847
0.70846;-0.1849
0.70893;-0.1851
0.70949;-0.1853
0.70992;-0.1855
0.71036;-0.1857
0.7108;-0.1859
0.71127;-0.1861
0.71171;-0.1863
0.71214;-0.1865
0.71254;-0.1867
0.71297;-0.1869
0.71341;-0.1871
0.7138;-0.1873
0.71424;-0.1875
0.71468;-0.1877
0.71515;-0.1879
0.71555;-0.1881
0.71598;-0.1883
0.71646;-0.1885
0.71693;-0.1887
0.71737;-0.1889
0.71776;-0.1891
0.7182;-0.1893
0.71872;-0.1895
0.71915;-0.1897
0.71959;-0.1899
0.72002;-0.1901
0.7205;-0.1903
0.72097;-0.1905
0.72137;-0.1907
0.72184;-0.1909
0.72228;-0.1911
0.72272;-0.1913
0.72315;-0.1915
0.72359;-0.1917
0.72402;-0.1919
0.72446;-0.1921
0.72489;-0.1923
0.72529;-0.1925
0.72572;-0.1927
0.7262;-0.1929
0.72664;-0.1931
0.72703;-0.1933
0.72747;-0.1935
0.72794;-0.1937
0.72838;-0.1939
0.72877;-0.1941
0.72921;-0.1943
0.72968;-0.1945
0.73012;-0.1947
0.73056;-0.1949
0.73099;-0.1951
0.73143;-0.1953
0.73182;-0.1955
0.7323;-0.1957
0.73269;-0.1959
0.73313;-0.1961
0.73357;-0.1963
0.734;-0.1965
0.7344;-0.1967
0.73483;-0.1969
0.73527;-0.1971
0.7357;-0.1973
0.7361;-0.1975
0.73654;-0.1977
0.73693;-0.1979
0.73737;-0.1981
0.7378;-0.1983
0.7382;-0.1985
0.73863;-0.1987
0.73903;-0.1989
0.73947;-0.1991
0.7399;-0.1993
0.74034;-0.1995
0.74077;-0.1997
0.74121;-0.1999
0.74164;-0.2001
0.74208;-0.2003
0.74252;-0.2005
0.74295;-0.2007
0.74339;-0.2009
0.74382;-0.2011
0.74426;-0.2013
0.74465;-0.2015
0.74509;-0.2017
0.74553;-0.2019
0.74592;-0.2021
0.74636;-0.2023
0.74679;-0.2025
0.74719;-0.2027
0.74762;-0.2029
0.74802;-0.2031
0.74846;-0.2033
0.74885;-0.2035
0.74929;-0.2037
0.74972;-0.2039
0.75012;-0.2041
0.75055;-0.2043
0.75099;-0.2045
0.75143;-0.2047
0.75182;-0.2049
0.75226;-0.2051
0.75269;-0.2053
0.75313;-0.2055
0.75356;-0.2057
0.75396;-0.2059
0.7544;-0.2061
0.75483;-0.2063
0.75527;-0.2065
0.75566;-0.2067
0.7561;-0.2069
0.75649;-0.2071
0.75693;-0.2073
0.75737;-0.2075
0.75776;-0.2077
0.7582;-0.2079
0.75859;-0.2081
0.75899;-0.2083
0.75942;-0.2085
0.75982;-0.2087
0.76026;-0.2089
0.76065;-0.2091
0.76109;-0.2093
0.76152;-0.2095
0.76192;-0.2097
0.76236;-0.2099
0.76275;-0.2101
0.76319;-0.2103
0.76362;-0.2105
0.76402;-0.2107
0.76445;-0.2109
0.76489;-0.2111
0.76533;-0.2113
0.76572;-0.2115
0.76616;-0.2117
0.76655;-0.2119
0.76699;-0.2121
0.76742;-0.2123
0.76782;-0.2125
0.76826;-0.2127
0.76865;-0.2129
0.76909;-0.2131
0.76948;-0.2133
0.76988;-0.2135
0.77032;-0.2137
0.77071;-0.2139
0.77115;-0.2141
0.77154;-0.2143
0.77198;-0.2145
0.77237;-0.2147
0.77281;-0.2149
0.77325;-0.2151
0.77364;-0.2153
0.77408;-0.2155
0.77451;-0.2157
0.77491;-0.2159
0.77534;-0.2161
0.77578;-0.2163
0.77618;-0.2165
0.77661;-0.2167
0.77701;-0.2169
0.7774;-0.2171
0.77784;-0.2173
0.77824;-0.2175
0.77863;-0.2177
0.77907;-0.2179
0.77946;-0.2181
0.77986;-0.2183
0.78029;-0.2185
0.78069;-0.2187
0.78109;-0.2189
0.78148;-0.2191
0.78192;-0.2193
0.78231;-0.2195
0.78271;-0.2197
0.78315;-0.2199
0.78354;-0.2201
0.78394;-0.2203
0.78437;-0.2205
0.78477;-0.2207
0.78521;-0.2209
0.7856;-0.2211
0.78604;-0.2213
0.78643;-0.2215
0.78683;-0.2217
0.78726;-0.2219
0.78766;-0.2221
0.78806;-0.2223
0.78849;-0.2225
0.78889;-0.2227
0.78928;-0.2229
0.78968;-0.2231
0.79008;-0.2233
0.79047;-0.2235
0.79087;-0.2237
0.79126;-0.2239
0.79166;-0.2241
0.79206;-0.2243
0.79245;-0.2245
0.79285;-0.2247
0.79324;-0.2249
0.79364;-0.2251
0.79404;-0.2253
0.79443;-0.2255
0.79483;-0.2257
0.79522;-0.2259
0.79562;-0.2261
0.79602;-0.2263
0.79641;-0.2265
0.79685;-0.2267
0.79724;-0.2269
0.79764;-0.2271
0.79804;-0.2273
0.79843;-0.2275
0.79883;-0.2277
0.79922;-0.2279
0.79966;-0.2281
0.80006;-0.2283
0.80045;-0.2285
0.80085;-0.2287
0.80124;-0.2289
0.80168;-0.2291
0.80208;-0.2293
0.80247;-0.2295
0.80287;-0.2297
0.80326;-0.2299
0.8037;-0.2301
0.80409;-0.2303
0.80449;-0.2305
0.80489;-0.2307
0.80532;-0.2309
0.80572;-0.2311
0.80611;-0.2313
0.80651;-0.2315
0.80691;-0.2317
0.8073;-0.2319
0.8077;-0.2321
0.80809;-0.2323
0.80849;-0.2325
0.80889;-0.2327
0.80928;-0.2329
0.80968;-0.2331
0.81007;-0.2333
0.81047;-0.2335
0.81087;-0.2337
0.81126;-0.2339
0.81162;-0.2341
0.81201;-0.2343
0.81241;-0.2345
0.81281;-0.2347
0.8132;-0.2349
0.8136;-0.2351
0.81399;-0.2353
0.81439;-0.2355
0.81479;-0.2357
0.81518;-0.2359
0.81558;-0.2361
0.81597;-0.2363
0.81637;-0.2365
0.81677;-0.2367
0.81716;-0.2369
0.81756;-0.2371
0.81796;-0.2373
0.81835;-0.2375
0.81875;-0.2377
0.81914;-0.2379
0.81954;-0.2381
0.81994;-0.2383
0.82033;-0.2385
0.82073;-0.2387
0.82112;-0.2389
0.82152;-0.2391
0.82192;-0.2393
0.82231;-0.2395
0.82271;-0.2397
0.8231;-0.2399
0.82346;-0.2401
0.82386;-0.2403
0.82425;-0.2405
0.82465;-0.2407
0.82504;-0.2409
0.82544;-0.2411
0.8258;-0.2413
0.82619;-0.2415
0.82659;-0.2417
0.82698;-0.2419
0.82734;-0.2421
0.82774;-0.2423
0.82813;-0.2425
0.82853;-0.2427
0.82888;-0.2429
0.82928;-0.2431
0.82968;-0.2433
0.83003;-0.2435
0.83043;-0.2437
0.83083;-0.2439
0.83122;-0.2441
0.83158;-0.2443
0.83197;-0.2445
0.83237;-0.2447
0.83273;-0.2449
0.83312;-0.2451
0.83352;-0.2453
0.83387;-0.2455
0.83427;-0.2457
0.83467;-0.2459
0.83506;-0.2461
0.83542;-0.2463
0.83581;-0.2465
0.83621;-0.2467
0.83661;-0.2469
0.83696;-0.2471
0.83736;-0.2473
0.83776;-0.2475
0.83811;-0.2477
0.83851;-0.2479
0.8389;-0.2481
0.83926;-0.2483
0.83966;-0.2485
0.84005;-0.2487
0.84045;-0.2489
0.8408;-0.2491
0.8412;-0.2493
0.84156;-0.2495
0.84195;-0.2497
0.84235;-0.2499
0.84271;-0.2501
0.8431;-0.2503
0.84346;-0.2505
0.84385;-0.2507
0.84421;-0.2509
0.84461;-0.2511
0.845;-0.2513
0.84536;-0.2515
0.84575;-0.2517
0.84611;-0.2519
0.84651;-0.2521
0.84686;-0.2523
0.84726;-0.2525
0.84766;-0.2527
0.84801;-0.2529
0.84841;-0.2531
0.8488;-0.2533
0.84916;-0.2535
0.84956;-0.2537
0.84995;-0.2539
0.85031;-0.2541
0.8507;-0.2543
0.8511;-0.2545
0.85146;-0.2547
0.85185;-0.2549
0.85221;-0.2551
0.85261;-0.2553
0.853;-0.2555
0.85336;-0.2557
0.85375;-0.2559
0.85411;-0.2561
0.85451;-0.2563
0.85486;-0.2565
0.85526;-0.2567
0.85562;-0.2569
0.85601;-0.2571
0.85637;-0.2573
0.85676;-0.2575
0.85712;-0.2577
0.85748;-0.2579
0.85787;-0.2581
0.85823;-0.2583
0.85863;-0.2585
0.85898;-0.2587
0.85938;-0.2589
0.85973;-0.2591
0.86013;-0.2593
0.86049;-0.2595
0.86088;-0.2597
0.86124;-0.2599
0.8616;-0.2601
0.86199;-0.2603
0.86235;-0.2605
0.86274;-0.2607
0.8631;-0.2609
0.86346;-0.2611
0.86385;-0.2613
0.86421;-0.2615
0.8646;-0.2617
0.86496;-0.2619
0.86536;-0.2621
0.86571;-0.2623
0.86611;-0.2625
0.86647;-0.2627
0.86682;-0.2629
0.86722;-0.2631
0.86757;-0.2633
0.86797;-0.2635
0.86833;-0.2637
0.86868;-0.2639
0.86908;-0.2641
0.86944;-0.2643
0.86983;-0.2645
0.87019;-0.2647
0.87054;-0.2649
0.87094;-0.2651
0.8713;-0.2653
0.87165;-0.2655
0.87205;-0.2657
0.87241;-0.2659
0.87276;-0.2661
0.87312;-0.2663
0.87351;-0.2665
0.87387;-0.2667
0.87423;-0.2669
0.87458;-0.2671
0.87494;-0.2673
0.87534;-0.2675
0.87569;-0.2677
0.87605;-0.2679
0.87641;-0.2681
0.87676;-0.2683
0.87712;-0.2685
0.87751;-0.2687
0.87787;-0.2689
0.87823;-0.2691
0.87858;-0.2693
0.87894;-0.2695
0.8793;-0.2697
0.87969;-0.2699
0.88005;-0.2701
0.88041;-0.2703
0.88076;-0.2705
0.88112;-0.2707
0.88147;-0.2709
0.88187;-0.2711
0.88223;-0.2713
0.88258;-0.2715
0.88294;-0.2717
0.88334;-0.2719
0.88369;-0.2721
0.88405;-0.2723
0.88444;-0.2725
0.8848;-0.2727
0.88516;-0.2729
0.88555;-0.2731
0.88591;-0.2733
0.88631;-0.2735
0.88666;-0.2737
0.88702;-0.2739
0.88741;-0.2741
0.88777;-0.2743
0.88817;-0.2745
0.88852;-0.2747
0.88888;-0.2749
0.88928;-0.2751
0.88963;-0.2753
0.88999;-0.2755
0.89038;-0.2757
0.89074;-0.2759
0.8911;-0.2761
0.89149;-0.2763
0.89185;-0.2765
0.89221;-0.2767
0.8926;-0.2769
0.89296;-0.2771
0.89332;-0.2773
0.89371;-0.2775
0.89407;-0.2777
0.89442;-0.2779
0.89482;-0.2781
0.89518;-0.2783
0.89557;-0.2785
0.89593;-0.2787
0.89629;-0.2789
0.89664;-0.2791
0.89704;-0.2793
0.89739;-0.2795
0.89775;-0.2797
0.89811;-0.2799
0.89846;-0.2801
0.89882;-0.2803
0.89922;-0.2805
0.89957;-0.2807
0.89993;-0.2809
0.90029;-0.2811
0.90064;-0.2813
0.901;-0.2815
0.90135;-0.2817
0.90171;-0.2819
0.90207;-0.2821
0.90242;-0.2823
0.90278;-0.2825
0.90314;-0.2827
0.90349;-0.2829
0.90385;-0.2831
0.90421;-0.2833
0.9046;-0.2835
0.90496;-0.2837
0.90531;-0.2839
0.90567;-0.2841
0.90607;-0.2843
0.90642;-0.2845
0.90678;-0.2847
0.90718;-0.2849
0.90753;-0.2851
0.90789;-0.2853
0.90828;-0.2855
0.90864;-0.2857
0.909;-0.2859
0.90939;-0.2861
0.90975;-0.2863
0.91011;-0.2865
0.91046;-0.2867
0.91086;-0.2869
0.91121;-0.2871
0.91157;-0.2873
0.91193;-0.2875
0.91228;-0.2877
0.91264;-0.2879
0.913;-0.2881
0.91335;-0.2883
0.91371;-0.2885
0.91407;-0.2887
0.91442;-0.2889
0.91478;-0.2891
0.91518;-0.2893
0.91553;-0.2895
0.91589;-0.2897
0.91624;-0.2899
0.9166;-0.2901
0.91696;-0.2903
0.91731;-0.2905
0.91767;-0.2907
0.91807;-0.2909
0.91842;-0.2911
0.91878;-0.2913
0.91914;-0.2915
0.91953;-0.2917
0.91989;-0.2919
0.92024;-0.2921
0.9206;-0.2923
0.92096;-0.2925
0.92131;-0.2927
0.92171;-0.2929
0.92207;-0.2931
0.92242;-0.2933
0.92278;-0.2935
0.92313;-0.2937
0.92345;-0.2939
0.92381;-0.2941
0.92416;-0.2943
0.92452;-0.2945
0.92488;-0.2947
0.92523;-0.2949
0.92559;-0.2951
0.92595;-0.2953
0.92626;-0.2955
0.92662;-0.2957
0.92698;-0.2959
0.92733;-0.2961
0.92769;-0.2963
0.92805;-0.2965
0.9284;-0.2967
0.92872;-0.2969
0.92907;-0.2971
0.92943;-0.2973
0.92979;-0.2975
0.93014;-0.2977
0.9305;-0.2979
0.93086;-0.2981
0.93121;-0.2983
0.93157;-0.2985
0.93193;-0.2987
0.93228;-0.2989
0.93264;-0.2991
0.933;-0.2993
0.93335;-0.2995
0.93371;-0.2997
0.93406;-0.2999
0.93442;-0.3001
0.93478;-0.3003
0.93513;-0.3005
0.93549;-0.3007
0.93585;-0.3009
0.9362;-0.3011
0.9366;-0.3013
0.93696;-0.3015
0.93731;-0.3017
0.93767;-0.3019
0.93802;-0.3021
0.93834;-0.3023
0.9387;-0.3025
0.93905;-0.3027
0.93941;-0.3029
0.93977;-0.3031
0.94012;-0.3033
0.94048;-0.3035
0.94084;-0.3037
0.94115;-0.3039
0.94151;-0.3041
0.94187;-0.3043
0.94222;-0.3045
0.94258;-0.3047
0.9429;-0.3049
0.94325;-0.3051
0.94361;-0.3053
0.94396;-0.3055
0.94428;-0.3057
0.94464;-0.3059
0.94499;-0.3061
0.94535;-0.3063
0.94571;-0.3065
0.94602;-0.3067
0.94638;-0.3069
0.94674;-0.3071
0.94709;-0.3073
0.94745;-0.3075
0.94781;-0.3077
0.94812;-0.3079
0.94848;-0.3081
0.94884;-0.3083
0.94919;-0.3085
0.94955;-0.3087
0.9499;-0.3089
0.95026;-0.3091
0.95062;-0.3093
0.95093;-0.3095
0.95129;-0.3097
0.95165;-0.3099
0.952;-0.3101
0.95236;-0.3103
0.95268;-0.3105
0.95303;-0.3107
0.95339;-0.3109
0.95371;-0.3111
0.95406;-0.3113
0.95442;-0.3115
0.95478;-0.3117
0.95509;-0.3119
0.95545;-0.3121
0.95581;-0.3123
0.95612;-0.3125
0.95648;-0.3127
0.95684;-0.3129
0.95715;-0.3131
0.95751;-0.3133
0.95786;-0.3135
0.95822;-0.3137
0.95854;-0.3139
0.95889;-0.3141
0.95925;-0.3143
0.95957;-0.3145
0.95992;-0.3147
0.96028;-0.3149
0.9606;-0.3151
0.96095;-0.3153
0.96131;-0.3155
0.96167;-0.3157
0.96198;-0.3159
0.96234;-0.3161
0.9627;-0.3163
0.96301;-0.3165
0.96337;-0.3167
0.96373;-0.3169
0.96404;-0.3171
0.9644;-0.3173
0.96472;-0.3175
0.96507;-0.3177
0.96543;-0.3179
0.96575;-0.3181
0.9661;-0.3183
0.96646;-0.3185
0.96677;-0.3187
0.96713;-0.3189
0.96745;-0.3191
0.9678;-0.3193
0.96812;-0.3195
0.96848;-0.3197
0.96883;-0.3199
0.96915;-0.3201
0.96951;-0.3203
0.96986;-0.3205
0.97018;-0.3207
0.97054;-0.3209
0.97085;-0.3211
0.97121;-0.3213
0.97157;-0.3215
0.97188;-0.3217
0.97224;-0.3219
0.9726;-0.3221
0.97291;-0.3223
0.97327;-0.3225
0.97359;-0.3227
0.97394;-0.3229
0.9743;-0.3231
0.97462;-0.3233
0.97497;-0.3235
0.97529;-0.3237
0.97565;-0.3239
0.97596;-0.3241
0.97632;-0.3243
0.97668;-0.3245
0.97699;-0.3247
0.97735;-0.3249
0.97767;-0.3251
0.97802;-0.3253
0.97838;-0.3255
0.97869;-0.3257
0.97905;-0.3259
0.97941;-0.3261
0.97972;-0.3263
0.98008;-0.3265
0.9804;-0.3267
0.98075;-0.3269
0.98107;-0.3271
0.98143;-0.3273
0.98174;-0.3275
0.9821;-0.3277
0.98242;-0.3279
0.98277;-0.3281
0.98309;-0.3283
0.98345;-0.3285
0.98376;-0.3287
0.98412;-0.3289
0.98444;-0.3291
0.98475;-0.3293
0.98511;-0.3295
0.98543;-0.3297
0.98578;-0.3299
0.9861;-0.3301
0.98642;-0.3303
0.98677;-0.3305
0.98709;-0.3307
0.98745;-0.3309
0.98776;-0.3311
0.98808;-0.3313
0.98844;-0.3315
0.98875;-0.3317
0.98907;-0.3319
0.98943;-0.3321
0.98974;-0.3323
0.9901;-0.3325
0.99042;-0.3327
0.99073;-0.3329
0.99109;-0.3331
0.99141;-0.3333
0.99172;-0.3335
0.99208;-0.3337
0.9924;-0.3339
0.99271;-0.3341
0.99307;-0.3343
0.99339;-0.3345
0.9937;-0.3347
0.99406;-0.3349
0.99438;-0.3351
0.99473;-0.3353
0.99505;-0.3355
0.99537;-0.3357
0.99572;-0.3359
0.99604;-0.3361
0.9964;-0.3363
0.99671;-0.3365
0.99703;-0.3367
0.99739;-0.3369
0.9977;-0.3371
0.99806;-0.3373
0.99838;-0.3375
0.99869;-0.3377
0.99905;-0.3379
0.99937;-0.3381
0.99968;-0.3383
1.00004;-0.3385
1.00036;-0.3387
1.00067;-0.3389
1.00103;-0.3391
1.00135;-0.3393
1.00166;-0.3395
1.00202;-0.3397
1.00234;-0.3399
1.00265;-0.3401
1.00297;-0.3403
1.00333;-0.3405
1.00364;-0.3407
1.00396;-0.3409
1.00432;-0.3411
1.00463;-0.3413
1.00495;-0.3415
1.00527;-0.3417
1.00562;-0.3419
1.00594;-0.3421
1.00626;-0.3423
1.00657;-0.3425
1.00689;-0.3427
1.00725;-0.3429
1.00756;-0.3431
1.00788;-0.3433
1.0082;-0.3435
1.00855;-0.3437
1.00887;-0.3439
1.00919;-0.3441
1.0095;-0.3443
1.00982;-0.3445
1.01018;-0.3447
1.01049;-0.3449
1.01081;-0.3451
1.01113;-0.3453
1.01144;-0.3455
1.0118;-0.3457
1.01212;-0.3459
1.01243;-0.3461
1.01275;-0.3463
1.01307;-0.3465
1.01342;-0.3467
1.01374;-0.3469
1.01406;-0.3471
1.01438;-0.3473
1.01473;-0.3475
1.01505;-0.3477
1.01537;-0.3479
1.01572;-0.3481
1.01604;-0.3483
1.01636;-0.3485
1.01671;-0.3487
1.01703;-0.3489
1.01735;-0.3491
1.0177;-0.3493
1.01802;-0.3495
1.01834;-0.3497
1.01865;-0.3499
1.01901;-0.3501
1.01933;-0.3503
1.01964;-0.3505
1.01996;-0.3507
1.02028;-0.3509
1.02059;-0.3511
1.02091;-0.3513
1.02123;-0.3515
1.02154;-0.3517
1.02186;-0.3519
1.02218;-0.3521
1.02249;-0.3523
1.02281;-0.3525
1.02313;-0.3527
1.0234;-0.3529
1.02372;-0.3531
1.02404;-0.3533
1.02435;-0.3535
1.02467;-0.3537
1.02499;-0.3539
1.0253;-0.3541
1.02566;-0.3543
1.02598;-0.3545
1.02629;-0.3547
1.02661;-0.3549
1.02693;-0.3551
1.02725;-0.3553
1.0276;-0.3555
1.02792;-0.3557
1.02824;-0.3559
1.02855;-0.3561
1.02887;-0.3563
1.02923;-0.3565
1.02954;-0.3567
1.02986;-0.3569
1.03018;-0.3571
1.03049;-0.3573
1.03081;-0.3575
1.03113;-0.3577
1.03144;-0.3579
1.0318;-0.3581
1.03212;-0.3583
1.03243;-0.3585
1.03275;-0.3587
1.03307;-0.3589
1.03338;-0.3591
1.0337;-0.3593
1.03398;-0.3595
1.03429;-0.3597
1.03461;-0.3599
1.03493;-0.3601
1.03524;-0.3603
1.03556;-0.3605
1.03588;-0.3607
1.0362;-0.3609
1.03651;-0.3611
1.03683;-0.3613
1.03715;-0.3615
1.03746;-0.3617
1.03778;-0.3619
1.0381;-0.3621
1.03841;-0.3623
1.03877;-0.3625
1.03909;-0.3627
1.0394;-0.3629
1.03972;-0.3631
1.04004;-0.3633
1.04035;-0.3635
1.04067;-0.3637
1.04099;-0.3639
1.04134;-0.3641
1.04166;-0.3643
1.04198;-0.3645
1.04229;-0.3647
1.04261;-0.3649
1.04293;-0.3651
1.04324;-0.3654
1.04356;-0.3656
1.04388;-0.3658
1.04419;-0.366
1.04451;-0.3662
1.04483;-0.3664
1.04514;-0.3666
1.04546;-0.3668
1.04578;-0.367
1.0461;-0.3672
1.04641;-0.3674
1.04673;-0.3676
1.04705;-0.3678
1.04736;-0.368
1.04768;-0.3682
1.048;-0.3684
1.04831;-0.3686
1.04863;-0.3688
1.04895;-0.369
1.04922;-0.3692
1.04954;-0.3694
1.04986;-0.3696
1.05017;-0.3698
1.05049;-0.37
1.05077;-0.3702
1.05109;-0.3704
1.0514;-0.3706
1.05172;-0.3708
1.052;-0.371
1.05231;-0.3712
1.05263;-0.3714
1.05291;-0.3716
1.05322;-0.3718
1.05354;-0.372
1.05386;-0.3722
1.05413;-0.3724
1.05445;-0.3726
1.05477;-0.3728
1.05508;-0.373
1.05536;-0.3732
1.05568;-0.3734
1.056;-0.3736
1.05631;-0.3738
1.05663;-0.374
1.05691;-0.3742
1.05722;-0.3744
1.05754;-0.3746
1.05786;-0.3748
1.05817;-0.375
1.05849;-0.3752
1.05881;-0.3754
1.05908;-0.3756
1.0594;-0.3758
1.05972;-0.376
1.06003;-0.3762
1.06035;-0.3764
1.06067;-0.3766
1.06099;-0.3768
1.0613;-0.377
1.06158;-0.3772
1.0619;-0.3774
1.06221;-0.3776
1.06253;-0.3778
1.06285;-0.378
1.06316;-0.3782
1.06344;-0.3784
1.06376;-0.3786
1.06407;-0.3788
1.06439;-0.379
1.06471;-0.3792
1.06502;-0.3794
1.0653;-0.3796
1.06562;-0.3798
1.06594;-0.38
1.06625;-0.3802
1.06657;-0.3804
1.06689;-0.3806
1.0672;-0.3808
1.06752;-0.381
1.06784;-0.3812
1.06815;-0.3814
1.06843;-0.3816
1.06875;-0.3818
1.06906;-0.382
1.06938;-0.3822
1.0697;-0.3824
1.07001;-0.3826
1.07029;-0.3828
1.07061;-0.383
1.07093;-0.3832
1.0712;-0.3834
1.07152;-0.3836
1.07184;-0.3838
1.07211;-0.384
1.07243;-0.3842
1.07271;-0.3844
1.07302;-0.3846
1.07334;-0.3848
1.07362;-0.385
1.07393;-0.3852
1.07421;-0.3854
1.07453;-0.3856
1.07485;-0.3858
1.07512;-0.386
1.07544;-0.3862
1.07572;-0.3864
1.07603;-0.3866
1.07635;-0.3868
1.07667;-0.387
1.07694;-0.3872
1.07726;-0.3874
1.07758;-0.3876
1.07786;-0.3878
1.07817;-0.388
1.07849;-0.3882
1.07881;-0.3884
1.07912;-0.3886
1.0794;-0.3888
1.07972;-0.389
1.08003;-0.3892
1.08035;-0.3894
1.08067;-0.3896
1.08098;-0.3898
1.08126;-0.39
1.08158;-0.3902
1.08189;-0.3904
1.08221;-0.3906
1.08253;-0.3908
1.08284;-0.391
1.08316;-0.3912
1.08344;-0.3914
1.08376;-0.3916
1.08407;-0.3918
1.08439;-0.392
1.08471;-0.3922
1.08498;-0.3924
1.0853;-0.3926
1.08562;-0.3928
1.08589;-0.393
1.08621;-0.3932
1.08653;-0.3934
1.08681;-0.3936
1.08712;-0.3938
1.0874;-0.394
1.08772;-0.3942
1.08799;-0.3944
1.08831;-0.3946
1.08863;-0.3948
1.0889;-0.395
1.08922;-0.3952
1.0895;-0.3954
1.08981;-0.3956
1.09009;-0.3958
1.09041;-0.396
1.09069;-0.3962
1.091;-0.3964
1.09128;-0.3966
1.0916;-0.3968
1.09187;-0.397
1.09219;-0.3972
1.09247;-0.3974
1.09278;-0.3976
1.09306;-0.3978
1.09338;-0.398
1.09366;-0.3982
1.09397;-0.3984
1.09425;-0.3986
1.09457;-0.3988
1.09488;-0.399
1.09516;-0.3992
1.09548;-0.3994
1.09575;-0.3996
1.09607;-0.3998
1.09635;-0.4
1.09667;-0.4002
1.09694;-0.4004
1.09726;-0.4006
1.09758;-0.4008
1.09785;-0.401
1.09817;-0.4012
1.09849;-0.4014
1.09876;-0.4016
1.09908;-0.4018
1.0994;-0.402
1.09971;-0.4022
1.09999;-0.4024
1.10031;-0.4026
1.10063;-0.4028
1.10094;-0.403
1.10122;-0.4032
1.10154;-0.4034
1.10185;-0.4036
1.10217;-0.4038
1.10245;-0.404
1.10276;-0.4042
1.10308;-0.4044
1.10336;-0.4046
1.10367;-0.4048
1.10399;-0.405
1.10427;-0.4052
1.10459;-0.4054
1.1049;-0.4056
1.10518;-0.4058
1.1055;-0.406
1.10577;-0.4062
1.10609;-0.4064
1.10637;-0.4066
1.10668;-0.4068
1.10696;-0.407
1.10728;-0.4072
1.10756;-0.4074
1.10783;-0.4076
1.10815;-0.4078
1.10843;-0.408
1.10874;-0.4082
1.10902;-0.4084
1.1093;-0.4086
1.10962;-0.4088
1.10989;-0.409
1.11021;-0.4092
1.11049;-0.4094
1.11076;-0.4096
1.11108;-0.4098
1.11136;-0.41
1.11167;-0.4102
1.11195;-0.4104
1.11223;-0.4106
1.11255;-0.4108
1.11282;-0.411
1.11314;-0.4112
1.11342;-0.4114
1.11373;-0.4116
1.11401;-0.4118
1.11433;-0.412
1.1146;-0.4122
1.11492;-0.4124
1.1152;-0.4126
1.11552;-0.4128
1.11579;-0.413
1.11611;-0.4132
1.11639;-0.4134
1.1167;-0.4136
1.11698;-0.4138
1.1173;-0.414
1.11757;-0.4142
1.11789;-0.4144
1.11821;-0.4146
1.11849;-0.4148
1.1188;-0.415
1.11908;-0.4152
1.1194;-0.4154
1.11971;-0.4156
1.12003;-0.4158
1.12031;-0.416
1.12062;-0.4162
1.12094;-0.4164
1.12122;-0.4166
1.12153;-0.4168
1.12185;-0.417
1.12213;-0.4172
1.12245;-0.4174
1.12276;-0.4176
1.12304;-0.4178
1.12336;-0.418
1.12363;-0.4182
1.12395;-0.4184
1.12427;-0.4186
1.12454;-0.4188
1.12486;-0.419
1.12514;-0.4192
1.12542;-0.4194
1.12573;-0.4196
1.12601;-0.4198
1.12629;-0.42
1.1266;-0.4202
1.12688;-0.4204
1.1272;-0.4206
1.12748;-0.4208
1.12775;-0.421
1.12803;-0.4212
1.12835;-0.4214
1.12862;-0.4216
1.1289;-0.4218
1.12918;-0.422
1.12946;-0.4222
1.12977;-0.4224
1.13005;-0.4226
1.13033;-0.4228
1.1306;-0.423
1.13088;-0.4232
1.13116;-0.4234
1.13147;-0.4236
1.13175;-0.4238
1.13203;-0.424
1.13231;-0.4242
1.13258;-0.4244
1.1329;-0.4246
1.13318;-0.4248
1.13345;-0.425
1.13377;-0.4252
1.13405;-0.4254
1.13433;-0.4256
1.13464;-0.4258
1.13492;-0.426
1.1352;-0.4262
1.13551;-0.4264
1.13579;-0.4266
1.13611;-0.4268
1.13639;-0.427
1.1367;-0.4272
1.13698;-0.4274
1.1373;-0.4276
1.13757;-0.4278
1.13789;-0.428
1.13817;-0.4282
1.13848;-0.4284
1.13876;-0.4286
1.13908;-0.4288
1.13936;-0.429
1.13967;-0.4292
1.13995;-0.4294
1.14023;-0.4296
1.14054;-0.4298
1.14082;-0.43
1.14114;-0.4302
1.14141;-0.4304
1.14169;-0.4306
1.14201;-0.4308
1.14229;-0.431
1.14256;-0.4312
1.14284;-0.4314
1.14312;-0.4316
1.14343;-0.4318
1.14371;-0.432
1.14399;-0.4322
1.14427;-0.4324
1.14454;-0.4326
1.14482;-0.4328
1.1451;-0.433
1.14537;-0.4332
1.14565;-0.4334
1.14593;-0.4336
1.14621;-0.4338
1.14648;-0.434
1.14676;-0.4342
1.14704;-0.4344
1.14732;-0.4346
1.14759;-0.4348
1.14787;-0.435
1.14815;-0.4352
1.14842;-0.4354
1.1487;-0.4356
1.14898;-0.4358
1.14926;-0.436
1.14953;-0.4362
1.14977;-0.4364
1.15005;-0.4366
1.15032;-0.4368
1.1506;-0.437
1.15088;-0.4372
1.15116;-0.4374
1.15143;-0.4376
1.15171;-0.4378
1.15199;-0.438
1.15227;-0.4382
1.15254;-0.4384
1.15286;-0.4386
1.15314;-0.4388
1.15341;-0.439
1.15369;-0.4392
1.15397;-0.4394
1.15425;-0.4396
1.15452;-0.4398
1.1548;-0.44
1.15512;-0.4402
1.15539;-0.4404
1.15567;-0.4406
1.15595;-0.4408
1.15626;-0.441
1.15654;-0.4412
1.15682;-0.4414
1.1571;-0.4416
1.15741;-0.4418
1.15769;-0.442
1.15797;-0.4422
1.15824;-0.4424
1.15856;-0.4426
1.15884;-0.4428
1.15912;-0.443
1.15939;-0.4432
1.15967;-0.4434
1.15999;-0.4436
1.16026;-0.4438
1.16054;-0.444
1.16082;-0.4442
1.1611;-0.4444
1.16137;-0.4446
1.16165;-0.4448
1.16197;-0.445
1.16224;-0.4452
1.16252;-0.4454
1.1628;-0.4456
1.16308;-0.4458
1.16335;-0.446
1.16363;-0.4462
1.16391;-0.4464
1.16419;-0.4466
1.16446;-0.4468
1.16474;-0.447
1.16502;-0.4472
1.16533;-0.4474
1.16561;-0.4476
1.16589;-0.4478
1.16617;-0.448
1.16644;-0.4482
1.16672;-0.4484
1.167;-0.4486
1.16727;-0.4488
1.16755;-0.449
1.16783;-0.4492
1.16811;-0.4494
1.16838;-0.4496
1.16866;-0.4498
1.16894;-0.45
1.16921;-0.4502
1.16945;-0.4504
1.16973;-0.4506
1.17001;-0.4508
1.17028;-0.451
1.17056;-0.4512
1.17084;-0.4514
1.17112;-0.4516
1.17139;-0.4518
1.17167;-0.452
1.17195;-0.4522
1.17222;-0.4524
1.1725;-0.4526
1.17278;-0.4528
1.17306;-0.453
1.17329;-0.4532
1.17357;-0.4534
1.17385;-0.4536
1.17412;-0.4538
1.1744;-0.454
1.17468;-0.4542
1.17496;-0.4544
1.17523;-0.4546
1.17551;-0.4548
1.17579;-0.455
1.17607;-0.4552
1.17634;-0.4554
1.17662;-0.4556
1.1769;-0.4558
1.17717;-0.456
1.17745;-0.4562
1.17777;-0.4564
1.17805;-0.4566
1.17832;-0.4568
1.1786;-0.457
1.17888;-0.4572
1.17915;-0.4574
1.17943;-0.4576
1.17975;-0.4578
1.18003;-0.458
1.1803;-0.4582
1.18058;-0.4584
1.18086;-0.4586
1.18113;-0.4588
1.18145;-0.459
1.18173;-0.4592
1.18201;-0.4594
1.18228;-0.4596
1.18256;-0.4598
1.18284;-0.46
1.18311;-0.4602
1.18339;-0.4604
1.18367;-0.4606
1.18395;-0.4608
1.18422;-0.461
1.1845;-0.4612
1.18478;-0.4614
1.18505;-0.4616
1.18533;-0.4618
1.18561;-0.462
1.18589;-0.4622
1.18612;-0.4624
1.1864;-0.4626
1.18668;-0.4628
1.18696;-0.463
1.18723;-0.4632
1.18751;-0.4634
1.18775;-0.4636
1.18802;-0.4638
1.1883;-0.464
1.18858;-0.4642
1.18886;-0.4644
1.18913;-0.4646
1.18937;-0.4648
1.18965;-0.465
1.18993;-0.4652
1.1902;-0.4654
1.19048;-0.4656
1.19076;-0.4658
1.19099;-0.466
1.19127;-0.4662
1.19155;-0.4664
1.19183;-0.4666
1.1921;-0.4668
1.19238;-0.467
1.19266;-0.4672
1.1929;-0.4674
1.19317;-0.4676
1.19345;-0.4678
1.19373;-0.468
1.194;-0.4682
1.19428;-0.4684
1.19456;-0.4686
1.19484;-0.4688
1.19511;-0.469
1.19539;-0.4692
1.19567;-0.4694
1.19594;-0.4696
1.19622;-0.4698
1.1965;-0.47
1.19678;-0.4702
1.19705;-0.4704
1.19733;-0.4706
1.19761;-0.4708
1.19789;-0.471
1.19816;-0.4712
1.19844;-0.4714
1.19876;-0.4716
1.19903;-0.4718
1.19931;-0.472
1.19959;-0.4722
1.19987;-0.4724
1.20014;-0.4726
1.20046;-0.4728
1.20074;-0.473
1.20101;-0.4732
1.20129;-0.4734
1.20157;-0.4736
1.20185;-0.4738
1.20212;-0.474
1.2024;-0.4742
1.20268;-0.4744
1.20295;-0.4746
1.20323;-0.4748
1.20351;-0.475
1.20375;-0.4752
1.20402;-0.4754
1.2043;-0.4756
1.20458;-0.4758
1.20486;-0.476
1.20509;-0.4762
1.20537;-0.4764
1.20565;-0.4766
1.20592;-0.4768
1.20616;-0.477
1.20644;-0.4772
1.20672;-0.4774
1.20695;-0.4776
1.20723;-0.4778
1.20751;-0.478
1.20775;-0.4782
1.20802;-0.4784
1.2083;-0.4786
1.20854;-0.4788
1.20882;-0.479
1.20909;-0.4792
1.20937;-0.4794
1.20961;-0.4796
1.20988;-0.4798
1.21016;-0.48
1.2104;-0.4802
1.21068;-0.4804
1.21095;-0.4806
1.21123;-0.4808
1.21151;-0.481
1.21175;-0.4812
1.21202;-0.4814
1.2123;-0.4816
1.21258;-0.4818
1.21285;-0.482
1.21313;-0.4822
1.21341;-0.4824
1.21369;-0.4826
1.21396;-0.4828
1.21424;-0.483
1.21452;-0.4832
1.21479;-0.4834
1.21507;-0.4836
1.21535;-0.4838
1.21563;-0.484
1.2159;-0.4842
1.21618;-0.4844
1.2165;-0.4846
1.21677;-0.4848
1.21705;-0.485
1.21733;-0.4852
1.21761;-0.4854
1.21788;-0.4856
1.21816;-0.4858
1.21844;-0.486
1.21872;-0.4862
1.21899;-0.4864
1.21927;-0.4866
1.21955;-0.4868
1.21982;-0.487
1.2201;-0.4872
1.22038;-0.4874
1.22062;-0.4876
1.22089;-0.4878
1.22117;-0.488
1.22145;-0.4882
1.22173;-0.4884
1.22196;-0.4886
1.22224;-0.4888
1.22252;-0.489
1.22279;-0.4892
1.22303;-0.4894
1.22331;-0.4896
1.22359;-0.4898
1.22382;-0.49
1.2241;-0.4902
1.22438;-0.4904
1.22466;-0.4906
1.22489;-0.4908
1.22517;-0.491
1.22545;-0.4912
1.22569;-0.4914
1.22596;-0.4916
1.22624;-0.4918
1.22648;-0.492
1.22675;-0.4922
1.22703;-0.4924
1.22731;-0.4926
1.22755;-0.4928
1.22782;-0.493
1.2281;-0.4932
1.22838;-0.4934
1.22866;-0.4936
1.22889;-0.4938
1.22917;-0.494
1.22945;-0.4942
1.22972;-0.4944
1.23;-0.4946
1.23028;-0.4948
1.23056;-0.495
1.23079;-0.4952
1.23107;-0.4954
1.23135;-0.4956
1.23163;-0.4958
1.2319;-0.496
1.23218;-0.4962
1.23246;-0.4964
1.23273;-0.4966
1.23297;-0.4968
1.23325;-0.497
1.23353;-0.4972
1.2338;-0.4974
1.23408;-0.4976
1.23432;-0.4978
1.2346;-0.498
1.23487;-0.4982
1.23515;-0.4984
1.23543;-0.4986
1.23566;-0.4988
1.23594;-0.499
1.23622;-0.4992
1.23646;-0.4994
1.23673;-0.4996
1.23701;-0.4998
1.23725;-0.5
1.23753;-0.5002
1.2378;-0.5004
1.23808;-0.5006
1.23832;-0.5008
1.23859;-0.501
1.23883;-0.5012
1.23911;-0.5014
1.23939;-0.5016
1.23966;-0.5018
1.2399;-0.502
1.24018;-0.5022
1.24046;-0.5024
1.24069;-0.5026
1.24097;-0.5028
1.24125;-0.503
1.24149;-0.5032
1.24176;-0.5034
1.24204;-0.5036
1.24232;-0.5038
1.24256;-0.504
1.24283;-0.5042
1.24311;-0.5044
1.24339;-0.5046
1.24362;-0.5048
1.2439;-0.505
1.24418;-0.5052
1.24446;-0.5054
1.24473;-0.5056
1.24497;-0.5058
1.24525;-0.506
1.24553;-0.5062
1.2458;-0.5064
1.24608;-0.5066
1.24632;-0.5068
1.24659;-0.507
1.24687;-0.5072
1.24711;-0.5074
1.24739;-0.5076
1.24766;-0.5078
1.2479;-0.508
1.24818;-0.5082
1.24842;-0.5084
1.24869;-0.5086
1.24897;-0.5088
1.24921;-0.509
1.24949;-0.5092
1.24972;-0.5094
1.24996;-0.5096
1.25024;-0.5098
1.25048;-0.51
1.25075;-0.5102
1.25099;-0.5104
1.25127;-0.5106
1.2515;-0.5108
1.25178;-0.511
1.25202;-0.5112
1.2523;-0.5114
1.25253;-0.5116
1.25281;-0.5118
1.25305;-0.512
1.25333;-0.5122
1.25356;-0.5124
1.25384;-0.5126
1.25408;-0.5128
1.25436;-0.513
1.25463;-0.5132
1.25487;-0.5134
1.25515;-0.5136
1.25539;-0.5138
1.25566;-0.514
1.25594;-0.5142
1.25618;-0.5144
1.25645;-0.5146
1.25673;-0.5148
1.25697;-0.515
1.25725;-0.5152
1.25752;-0.5154
1.25776;-0.5156
1.25804;-0.5158
1.25832;-0.516
1.25855;-0.5162
1.25883;-0.5164
1.25911;-0.5166
1.25935;-0.5168
1.25962;-0.517
1.2599;-0.5172
1.26014;-0.5174
1.26042;-0.5176
1.26069;-0.5178
1.26093;-0.518
1.26121;-0.5182
1.26148;-0.5184
1.26172;-0.5186
1.262;-0.5188
1.26228;-0.519
1.26251;-0.5192
1.26279;-0.5194
1.26303;-0.5196
1.26331;-0.5198
1.26358;-0.52
1.26382;-0.5202
1.2641;-0.5204
1.26434;-0.5206
1.26461;-0.5208
1.26485;-0.521
1.26513;-0.5212
1.26537;-0.5214
1.26564;-0.5216
1.26588;-0.5218
1.26612;-0.522
1.26639;-0.5222
1.26663;-0.5224
1.26691;-0.5226
1.26715;-0.5228
1.26742;-0.523
1.26766;-0.5232
1.26794;-0.5234
1.26818;-0.5236
1.26845;-0.5238
1.26869;-0.524
1.26897;-0.5242
1.26921;-0.5244
1.26948;-0.5246
1.26972;-0.5248
1.27;-0.525
1.27024;-0.5252
1.27051;-0.5254
1.27075;-0.5256
1.27103;-0.5258
1.27131;-0.526
1.27154;-0.5262
1.27182;-0.5264
1.2721;-0.5266
1.27233;-0.5268
1.27261;-0.527
1.27289;-0.5272
1.27317;-0.5274
1.2734;-0.5276
1.27368;-0.5278
1.27396;-0.528
1.2742;-0.5282
1.27447;-0.5284
1.27475;-0.5286
1.27499;-0.5288
1.27527;-0.529
1.27554;-0.5292
1.27578;-0.5294
1.27606;-0.5296
1.27633;-0.5298
1.27657;-0.53
1.27685;-0.5302
1.27713;-0.5304
1.27736;-0.5306
1.27764;-0.5308
1.27788;-0.531
1.27816;-0.5312
1.27839;-0.5314
1.27867;-0.5316
1.27895;-0.5318
1.27919;-0.532
1.27942;-0.5322
1.2797;-0.5324
1.27994;-0.5326
1.28022;-0.5328
1.28045;-0.533
1.28073;-0.5332
1.28097;-0.5334
1.28121;-0.5336
1.28148;-0.5338
1.28172;-0.534
1.282;-0.5342
1.28224;-0.5344
1.28251;-0.5346
1.28275;-0.5348
1.28299;-0.535
1.28326;-0.5352
1.2835;-0.5354
1.28378;-0.5356
1.28402;-0.5358
1.28429;-0.536
1.28453;-0.5362
1.28481;-0.5364
1.28505;-0.5366
1.28532;-0.5368
1.28556;-0.537
1.28584;-0.5372
1.28608;-0.5374
1.28635;-0.5376
1.28659;-0.5378
1.28687;-0.538
1.28715;-0.5382
1.28738;-0.5384
1.28766;-0.5386
1.2879;-0.5388
1.28818;-0.539
1.28841;-0.5392
1.28869;-0.5394
1.28893;-0.5396
1.2892;-0.5398
1.28944;-0.54
1.28972;-0.5402
1.28996;-0.5404
1.29023;-0.5406
1.29047;-0.5408
1.29075;-0.541
1.29099;-0.5412
1.29126;-0.5414
1.2915;-0.5416
1.29174;-0.5418
1.29202;-0.542
1.29225;-0.5422
1.29249;-0.5424
1.29277;-0.5426
1.29301;-0.5428
1.29328;-0.543
1.29352;-0.5432
1.29376;-0.5434
1.29404;-0.5436
1.29427;-0.5438
1.29451;-0.544
1.29479;-0.5442
1.29503;-0.5444
1.2953;-0.5446
1.29554;-0.5448
1.29578;-0.545
1.29606;-0.5452
1.29629;-0.5454
1.29653;-0.5456
1.29681;-0.5458
1.29705;-0.546
1.29732;-0.5462
1.29756;-0.5464
1.29784;-0.5466
1.29808;-0.5468
1.29831;-0.547
1.29859;-0.5472
1.29883;-0.5474
1.29911;-0.5476
1.29934;-0.5478
1.29962;-0.548
1.29986;-0.5482
1.30013;-0.5484
1.30037;-0.5486
1.30065;-0.5488
1.30089;-0.549
1.30116;-0.5492
1.3014;-0.5494
1.30168;-0.5496
1.30192;-0.5498
1.30219;-0.55
1.30243;-0.5502
1.30271;-0.5504
1.30295;-0.5506
1.30322;-0.5508
1.30346;-0.551
1.30374;-0.5512
1.30398;-0.5514
1.30425;-0.5516
1.30449;-0.5518
1.30477;-0.552
1.30501;-0.5522
1.30528;-0.5524
1.30552;-0.5526
1.30576;-0.5528
1.30604;-0.553
1.30627;-0.5532
1.30655;-0.5534
1.30679;-0.5536
1.30706;-0.5538
1.3073;-0.554
1.30754;-0.5542
1.30782;-0.5544
1.30805;-0.5546
1.30829;-0.5548
1.30857;-0.555
1.30881;-0.5552
1.30908;-0.5554
1.30932;-0.5556
1.30956;-0.5558
1.30984;-0.556
1.31007;-0.5562
1.31031;-0.5564
1.31059;-0.5566
1.31083;-0.5568
1.3111;-0.557
1.31134;-0.5572
1.31158;-0.5574
1.31186;-0.5576
1.31209;-0.5578
1.31233;-0.558
1.31261;-0.5582
1.31285;-0.5584
1.31308;-0.5586
1.31336;-0.5588
1.3136;-0.559
1.31384;-0.5592
1.31411;-0.5594
1.31435;-0.5596
1.31459;-0.5598
1.31487;-0.56
1.3151;-0.5602
1.31534;-0.5604
1.31562;-0.5606
1.31586;-0.5608
1.31613;-0.561
1.31637;-0.5612
1.31661;-0.5614
1.31689;-0.5616
1.31712;-0.5618
1.31736;-0.562
1.31764;-0.5622
1.31788;-0.5624
1.31811;-0.5626
1.31839;-0.5628
1.31863;-0.563
1.31887;-0.5632
1.31914;-0.5634
1.31938;-0.5636
1.31966;-0.5638
1.3199;-0.564
1.32013;-0.5642
1.32037;-0.5644
1.32065;-0.5646
1.32089;-0.5648
1.32116;-0.565
1.3214;-0.5652
1.32164;-0.5654
1.32188;-0.5656
1.32215;-0.5658
1.32239;-0.566
1.32263;-0.5662
1.32287;-0.5664
1.32314;-0.5666
1.32338;-0.5668
1.32362;-0.567
1.32386;-0.5672
1.32409;-0.5674
1.32433;-0.5676
1.32461;-0.5678
1.32485;-0.568
1.32508;-0.5682
1.32532;-0.5684
1.32556;-0.5686
1.3258;-0.5688
1.32603;-0.569
1.32627;-0.5692
1.32651;-0.5694
1.32675;-0.5696
1.32698;-0.5698
1.32722;-0.57
1.32746;-0.5702
1.3277;-0.5704
1.32793;-0.5706
1.32817;-0.5708
1.32841;-0.571
1.32865;-0.5712
1.32888;-0.5714
1.32912;-0.5716
1.3294;-0.5718
1.32964;-0.572
1.32987;-0.5722
1.33011;-0.5724
1.33035;-0.5726
1.33063;-0.5728
1.33086;-0.573
1.3311;-0.5732
1.33134;-0.5734
1.33162;-0.5736
1.33185;-0.5738
1.33209;-0.574
1.33233;-0.5742
1.33261;-0.5744
1.33284;-0.5746
1.33308;-0.5748
1.33332;-0.575
1.33356;-0.5752
1.33383;-0.5754
1.33407;-0.5756
1.33431;-0.5758
1.33455;-0.576
1.33479;-0.5762
1.33502;-0.5764
1.3353;-0.5766
1.33554;-0.5768
1.33578;-0.577
1.33601;-0.5772
1.33625;-0.5774
1.33649;-0.5776
1.33673;-0.5778
1.337;-0.578
1.33724;-0.5782
1.33748;-0.5784
1.33772;-0.5786
1.33795;-0.5788
1.33819;-0.579
1.33843;-0.5792
1.33871;-0.5794
1.33894;-0.5796
1.33918;-0.5798
1.33942;-0.58
1.33966;-0.5802
1.33989;-0.5804
1.34013;-0.5806
1.34041;-0.5808
1.34065;-0.581
1.34088;-0.5812
1.34112;-0.5814
1.34136;-0.5816
1.3416;-0.5818
1.34187;-0.582
1.34211;-0.5822
1.34235;-0.5824
1.34259;-0.5826
1.34282;-0.5828
1.34306;-0.583
1.3433;-0.5832
1.34354;-0.5834
1.34377;-0.5836
1.34405;-0.5838
1.34429;-0.584
1.34453;-0.5842
1.34476;-0.5844
1.345;-0.5846
1.34524;-0.5848
1.34548;-0.585
1.34572;-0.5852
1.34595;-0.5854
1.34623;-0.5856
1.34647;-0.5858
1.34671;-0.586
1.34694;-0.5862
1.34718;-0.5864
1.34742;-0.5866
1.34766;-0.5868
1.34793;-0.587
1.34817;-0.5872
1.34841;-0.5874
1.34865;-0.5876
1.34888;-0.5878
1.34912;-0.588
1.3494;-0.5882
1.34964;-0.5884
1.34987;-0.5886
1.35011;-0.5888
1.35039;-0.589
1.35063;-0.5892
1.35086;-0.5894
1.3511;-0.5896
1.35134;-0.5898
1.35162;-0.59
1.35185;-0.5902
1.35209;-0.5904
1.35233;-0.5906
1.35257;-0.5908
1.35284;-0.591
1.35308;-0.5912
1.35332;-0.5914
1.35356;-0.5916
1.35383;-0.5918
1.35407;-0.592
1.35431;-0.5922
1.35455;-0.5924
1.35482;-0.5926
1.35506;-0.5928
1.3553;-0.593
1.35554;-0.5932
1.35581;-0.5934
1.35605;-0.5936
1.35629;-0.5938
1.35653;-0.594
1.35676;-0.5942
1.357;-0.5944
1.35728;-0.5946
1.35752;-0.5948
1.35775;-0.595
1.35799;-0.5952
1.35823;-0.5954
1.35847;-0.5956
1.35874;-0.5958
1.35898;-0.596
1.35922;-0.5962
1.35946;-0.5964
1.35969;-0.5966
1.35993;-0.5968
1.36017;-0.597
1.36041;-0.5972
1.36064;-0.5974
1.36092;-0.5976
1.36116;-0.5978
1.3614;-0.598
1.36163;-0.5982
1.36187;-0.5984
1.36211;-0.5986
1.36235;-0.5988
1.36259;-0.599
1.36282;-0.5992
1.3631;-0.5994
1.36334;-0.5996
1.36358;-0.5998
1.36381;-0.6
1.36405;-0.6002
1.36429;-0.6004
1.36453;-0.6006
1.36476;-0.6008
1.365;-0.601
1.36528;-0.6012
1.36552;-0.6014
1.36575;-0.6016
1.36599;-0.6018
1.36623;-0.602
1.36647;-0.6022
1.3667;-0.6024
1.36694;-0.6026
1.36718;-0.6028
1.36746;-0.603
1.36769;-0.6032
1.36793;-0.6034
1.36817;-0.6036
1.36841;-0.6038
1.36864;-0.604
1.36888;-0.6042
1.36912;-0.6044
1.3694;-0.6046
1.36963;-0.6048
1.36987;-0.605
1.37011;-0.6052
1.37035;-0.6054
1.37058;-0.6056
1.37082;-0.6058
1.3711;-0.606
1.37134;-0.6062
1.37157;-0.6064
1.37181;-0.6066
1.37205;-0.6068
1.37229;-0.607
1.37256;-0.6072
1.3728;-0.6074
1.37304;-0.6076
1.37328;-0.6078
1.37351;-0.608
1.37375;-0.6082
1.37399;-0.6084
1.37427;-0.6086
1.3745;-0.6088
1.37474;-0.6091
1.37498;-0.6093
1.37522;-0.6095
1.37546;-0.6097
1.37569;-0.6099
1.37593;-0.6101
1.37617;-0.6103
1.37641;-0.6105
1.37668;-0.6107
1.37692;-0.6109
1.37716;-0.6111
1.3774;-0.6113
1.37763;-0.6115
1.37787;-0.6117
1.37811;-0.6119
1.37831;-0.6121
1.37854;-0.6123
1.37878;-0.6125
1.37902;-0.6127
1.37926;-0.6129
1.37949;-0.6131
1.37973;-0.6133
1.37997;-0.6135
1.38021;-0.6137
1.38045;-0.6139
1.38068;-0.6141
1.38092;-0.6143
1.38116;-0.6145
1.3814;-0.6147
1.38163;-0.6149
1.38187;-0.6151
1.38211;-0.6153
1.38235;-0.6155
1.38258;-0.6157
1.38282;-0.6159
1.38306;-0.6161
1.3833;-0.6163
1.38353;-0.6165
1.38377;-0.6167
1.38401;-0.6169
1.38425;-0.6171
1.38448;-0.6173
1.38472;-0.6175
1.38496;-0.6177
1.38524;-0.6179
1.38547;-0.6181
1.38571;-0.6183
1.38595;-0.6185
1.38619;-0.6187
1.38642;-0.6189
1.38666;-0.6191
1.3869;-0.6193
1.38714;-0.6195
1.38738;-0.6197
1.38765;-0.6199
1.38789;-0.6201
1.38813;-0.6203
1.38837;-0.6205
1.3886;-0.6207
1.38884;-0.6209
1.38908;-0.6211
1.38932;-0.6213
1.38955;-0.6215
1.38979;-0.6217
1.39003;-0.6219
1.39031;-0.6221
1.39054;-0.6223
1.39078;-0.6225
1.39102;-0.6227
1.39126;-0.6229
1.39149;-0.6231
1.39173;-0.6233
1.39197;-0.6235
1.39221;-0.6237
1.39244;-0.6239
1.39268;-0.6241
1.39292;-0.6243
1.39312;-0.6245
1.39335;-0.6247
1.39359;-0.6249
1.39383;-0.6251
1.39407;-0.6253
1.39431;-0.6255
1.39454;-0.6257
1.39478;-0.6259
1.39498;-0.6261
1.39522;-0.6263
1.39545;-0.6265
1.39569;-0.6267
1.39593;-0.6269
1.39617;-0.6271
1.39636;-0.6273
1.3966;-0.6275
1.39684;-0.6277
1.39708;-0.6279
1.39732;-0.6281
1.39755;-0.6283
1.39779;-0.6285
1.39803;-0.6287
1.39823;-0.6289
1.39846;-0.6291
1.3987;-0.6293
1.39894;-0.6295
1.39918;-0.6297
1.39941;-0.6299
1.39965;-0.6301
1.39989;-0.6303
1.40009;-0.6305
1.40032;-0.6307
1.40056;-0.6309
1.4008;-0.6311
1.40104;-0.6313
1.40128;-0.6315
1.40151;-0.6317
1.40175;-0.6319
1.40199;-0.6321
1.40223;-0.6323
1.40246;-0.6325
1.4027;-0.6327
1.40294;-0.6329
1.40318;-0.6331
1.40341;-0.6333
1.40365;-0.6335
1.40389;-0.6337
1.40413;-0.6339
1.40436;-0.6341
1.4046;-0.6343
1.40484;-0.6345
1.40508;-0.6347
1.40531;-0.6349
1.40555;-0.6351
1.40579;-0.6353
1.40603;-0.6355
1.40626;-0.6357
1.4065;-0.6359
1.40674;-0.6361
1.40702;-0.6363
1.40725;-0.6365
1.40749;-0.6367
1.40773;-0.6369
1.40797;-0.6371
1.40821;-0.6373
1.40844;-0.6375
1.40868;-0.6377
1.40892;-0.6379
1.40916;-0.6381
1.40939;-0.6383
1.40963;-0.6385
1.40987;-0.6387
1.41011;-0.6389
1.41034;-0.6391
1.41054;-0.6393
1.41078;-0.6395
1.41102;-0.6397
1.41125;-0.6399
1.41149;-0.6401
1.41173;-0.6403
1.41197;-0.6405
1.41217;-0.6407
1.4124;-0.6409
1.41264;-0.6411
1.41288;-0.6413
1.41312;-0.6415
1.41331;-0.6417
1.41355;-0.6419
1.41379;-0.6421
1.41403;-0.6423
1.41426;-0.6425
1.41446;-0.6427
1.4147;-0.6429
1.41494;-0.6431
1.41518;-0.6433
1.41541;-0.6435
1.41561;-0.6437
1.41585;-0.6439
1.41609;-0.6441
1.41632;-0.6443
1.41652;-0.6445
1.41676;-0.6447
1.417;-0.6449
1.41723;-0.6451
1.41747;-0.6453
1.41771;-0.6455
1.41795;-0.6457
1.41818;-0.6459
1.41838;-0.6461
1.41862;-0.6463
1.41886;-0.6465
1.4191;-0.6467
1.41933;-0.6469
1.41957;-0.6471
1.41981;-0.6473
1.42005;-0.6475
1.42028;-0.6477
1.42052;-0.6479
1.42076;-0.6481
1.421;-0.6483
1.42123;-0.6485
1.42147;-0.6487
1.42171;-0.6489
1.42195;-0.6491
1.42218;-0.6493
1.42242;-0.6495
1.42266;-0.6497
1.4229;-0.6499
1.42313;-0.6501
1.42341;-0.6503
1.42361;-0.6505
1.42389;-0.6507
1.42409;-0.6509
1.42436;-0.6511
1.42456;-0.6513
1.4248;-0.6515
1.42504;-0.6517
1.42527;-0.6519
1.42551;-0.6521
1.42575;-0.6523
1.42599;-0.6525
1.42622;-0.6527
1.42646;-0.6529
1.4267;-0.6531
1.42694;-0.6533
1.42717;-0.6535
1.42741;-0.6537
1.42765;-0.6539
1.42789;-0.6541
1.42812;-0.6543
1.42836;-0.6545
1.4286;-0.6547
1.42884;-0.6549
1.42907;-0.6551
1.42927;-0.6553
1.42951;-0.6555
1.42975;-0.6557
1.42999;-0.6559
1.43022;-0.6561
1.43046;-0.6563
1.43066;-0.6565
1.4309;-0.6567
1.43113;-0.6569
1.43137;-0.6571
1.43161;-0.6573
1.43185;-0.6575
1.43204;-0.6577
1.43228;-0.6579
1.43252;-0.6581
1.43276;-0.6583
1.433;-0.6585
1.43323;-0.6587
1.43347;-0.6589
1.43371;-0.6591
1.43391;-0.6593
1.43414;-0.6595
1.43438;-0.6597
1.43462;-0.6599
1.43486;-0.6601
1.43509;-0.6603
1.43533;-0.6605
1.43557;-0.6607
1.43581;-0.6609
1.43604;-0.6611
1.43628;-0.6613
1.43652;-0.6615
1.43676;-0.6617
1.437;-0.6619
1.43723;-0.6621
1.43751;-0.6623
1.43775;-0.6625
1.43799;-0.6627
1.43822;-0.6629
1.4385;-0.6631
1.43874;-0.6633
1.43901;-0.6635
1.43925;-0.6637
1.43949;-0.6639
1.43977;-0.6641
1.44;-0.6643
1.44028;-0.6645
1.44056;-0.6647
1.4408;-0.6649
1.44107;-0.6651
1.44131;-0.6653
1.44159;-0.6655
1.44183;-0.6657
1.4421;-0.6659
1.44238;-0.6661
1.44262;-0.6663
1.4429;-0.6665
1.44317;-0.6667
1.44345;-0.6669
1.44373;-0.6671
1.444;-0.6673
1.44432;-0.6675
1.4446;-0.6677
1.44492;-0.6679
1.44523;-0.6681
1.44555;-0.6683
1.44583;-0.6685
1.44614;-0.6687
1.4465;-0.6689
1.44682;-0.6691
1.44713;-0.6693
1.44749;-0.6695
1.44785;-0.6697
1.44824;-0.6699
1.4486;-0.6701
1.44899;-0.6703
1.44943;-0.6705
1.44983;-0.6707
1.45026;-0.6709
1.45074;-0.6711
1.45117;-0.6713
1.45165;-0.6715
1.45216;-0.6717
1.45268;-0.6719
1.45319;-0.6721
1.45375;-0.6723
1.4543;-0.6725
1.45486;-0.6727
1.45545;-0.6729
1.45608;-0.6731
1.45668;-0.6733
1.45735;-0.6735
1.45798;-0.6737
1.45866;-0.6739
1.45937;-0.6741
1.46008;-0.6743
1.46083;-0.6745
1.46163;-0.6747
1.46246;-0.6749
1.46333;-0.6751
1.46424;-0.6753
1.46523;-0.6755
1.4663;-0.6757
1.46749;-0.6759
1.46879;-0.6761
1.47022;-0.6763
1.47176;-0.6765
1.47335;-0.6767
1.47509;-0.6769
1.47703;-0.6771
1.47913;-0.6773
1.48159;-0.6775
1.48471;-0.6777
1.48903;-0.6779
1.49489;-0.6781
1.50265;-0.6783
1.51762;-0.6785
1.54986;-0.6783
